Workbook

Sheet Formula

Sheet OVERALL
B2: OVERALL
B4: NUTRIENT | C4: BREAKFAST | D4: LUNCH | E4: DINNER | F4: OVERALL TOTAL | G4: TARGET TOTAL | H4: (EXCESS)/DEFICIENCY | I4: REMARKS | J4: NOTE
B5: KCAL | C5: =BREAKFAST!K15 -> 602.7 | D5: =LUNCH!K17 -> 486.4 | E5: =DINNER!K16 -> 635.26 | F5: =SUM(C5:E5) -> 1724.36 | G5: 1800 | H5: =G5-F5 -> 75.64 | I5: =IF(ABS(G5-F5)<=H5, "Within target range", IF(H5>0, "Deficiency", "Excess")) -> Within target range | J5: If may "-" ibig sabihin sumobra, else within the target naman
B6: PROTEIN | C6: =BREAKFAST!L15 -> 18.77 | D6: =LUNCH!L17 -> 32.365 | E6: =DINNER!L16 -> 38.54 | F6: =SUM(C6:E6) -> 89.675 | G6: 90 | H6: =G6-F6 -> 0.325 | I6: =IF(ABS(G6-F6)<=H6, "Within target range", IF(H6>0, "Deficiency", "Excess")) -> Within target range
B7: CARBS | C7: =BREAKFAST!M15 -> 78.215 | D7: =LUNCH!M17 -> 73.37 | E7: =DINNER!M16 -> 74.562 | F7: =SUM(C7:E7) -> 226.147 | G7: 225 | H7: =G7-F7 -> -1.147 | I7: =IF(ABS(G7-F7)<=H7, "Within target range", IF(H7>0, "Deficiency", "Excess")) -> Excess
B8: FATS | C8: =BREAKFAST!N15 -> 23.81 | D8: =LUNCH!N17 -> 7.075 | E8: =DINNER!N16 -> 19.939 | F8: =SUM(C8:E8) -> 50.824 | G8: 60 | H8: =G8-F8 -> 9.176 | I8: =IF(ABS(G8-F8)<=H8, "Within target range", IF(H8>0, "Deficiency", "Excess")) -> Within target range
B9: FIBER | C9: =BREAKFAST!O15 -> 9.045 | D9: =LUNCH!O17 -> 8.465 | E9: =DINNER!O16 -> 9.179 | F9: =SUM(C9:E9) -> 26.689 | G9: 30 | H9: =G9-F9 -> 3.311 | I9: =IF(ABS(G9-F9)<=H9, "Within target range", IF(H9>0, "Deficiency", "Excess")) -> Within target range

Sheet BREAKFAST
B2: BREAKFAST
B4: INGREDIENT | C4: PORTION IN GRAMS (g) | E4: PHILFCT NUTRIENT VALUE PER 100G (FIXED) | K4: OVERALL TOTAL | P4: REMARKS
C5: RAW VALUE | D5: DIVIDED BY 100 | E5: KCAL | F5: PROTEIN | G5: CARBS | H5: FATS | I5: FIBER | K5: KCAL | L5: PROTEIN | M5: CARBS | N5: FATS | O5: FIBER
B6: Cooked white rice | C6: 100 | D6: =C6/100 -> 1 | E6: 129 | F6: 2.1 | G6: 29.7 | H6: 0.2 | I6: 0.4 | K6: =D6*E6 -> 129 | L6: =D6*F6 -> 2.1 | M6: =D6*G6 -> 29.7 | N6: =D6*H6 -> 0.2 | O6: =D6*I6 -> 0.4
B7: Egg, whole | C7: 50 | D7: =C7/100 -> 0.5 | E7: 139 | F7: 12.3 | G7: 1.4 | H7: 9.4 | I7: 0 | K7: =D7*E7 -> 69.5 | L7: =D7*F7 -> 6.15 | M7: =D7*G7 -> 0.7 | N7: =D7*H7 -> 4.7 | O7: =D7*I7 -> 0
B8: Grilled eggplant | C8: 150 | D8: =C8/100 -> 1.5 | E8: 29 | F8: 1.2 | G8: 5.5 | H8: 0.2 | I8: 1.6 | K8: =D8*E8 -> 43.5 | L8: =D8*F8 -> 1.8 | M8: =D8*G8 -> 8.25 | N8: =D8*H8 -> 0.3 | O8: =D8*I8 -> 2.4
B9: Tomato | C9: 85 | D9: =C9/100 -> 0.85 | E9: 25 | F9: 0.8 | G9: 5.2 | H9: 0.1 | I9: 0.3 | K9: =D9*E9 -> 21.25 | L9: =D9*F9 -> 0.68 | M9: =D9*G9 -> 4.42 | N9: =D9*H9 -> 0.085 | O9: =D9*I9 -> 0.255
B10: Onion | C10: 30 | D10: =C10/100 -> 0.3 | E10: 52 | F10: 1.7 | G10: 10.5 | H10: 0.3 | I10: 2 | K10: =D10*E10 -> 15.6 | L10: =D10*F10 -> 0.51 | M10: =D10*G10 -> 3.15 | N10: =D10*H10 -> 0.09 | O10: =D10*I10 -> 0.6
B11: Cooking oil | C11: 5 | D11: =C11/100 -> 0.05 | E11: 896 | F11: 0 | G11: 0 | H11: 99.6 | I11: 0 | K11: =D11*E11 -> 44.8 | L11: =D11*F11 -> 0 | M11: =D11*G11 -> 0 | N11: =D11*H11 -> 4.98 | O11: =D11*I11 -> 0
B12: Banana | C12: 120 | D12: =C12/100 -> 1.2 | E12: 104 | F12: 0.9 | G12: 23.1 | H12: 0.9 | I12: 2.7 | K12: =D12*E12 -> 124.8 | L12: =D12*F12 -> 1.08 | M12: =D12*G12 -> 27.72 | N12: =D12*H12 -> 1.08 | O12: =D12*I12 -> 3.24
B13: Roasted peanuts, unsalted | C13: 25 | D13: =C13/100 -> 0.25 | E13: 617 | F13: 25.8 | G13: 17.1 | H13: 49.5 | I13: 8.6 | K13: =D13*E13 -> 154.25 | L13: =D13*F13 -> 6.45 | M13: =D13*G13 -> 4.275 | N13: =D13*H13 -> 12.375 | O13: =D13*I13 -> 2.15
B15: OVERALL TOTAL | K15: =SUM(K6:K13) -> 602.7 | L15: =SUM(L6:L13) -> 18.77 | M15: =SUM(M6:M13) -> 78.215 | N15: =SUM(N6:N13) -> 23.81 | O15: =SUM(O6:O13) -> 9.045

Sheet LUNCH
B2: LUNCH
B4: INGREDIENT | C4: PORTION IN GRAMS (g) | E4: PHILFCT NUTRIENT VALUE PER 100G (FIXED) | K4: OVERALL TOTAL | P4: REMARKS
C5: RAW VALUE | D5: DIVIDED BY 100 | E5: KCAL | F5: PROTEIN | G5: CARBS | H5: FATS | I5: FIBER | K5: KCAL | L5: PROTEIN | M5: CARBS | N5: FATS | O5: FIBER
B6: Cooked white rice | C6: 105 | D6: =C6/100 -> 1.05 | E6: 129 | F6: 2.1 | G6: 29.7 | H6: 0.2 | I6: 0.4 | K6: =D6*E6 -> 135.45 | L6: =D6*F6 -> 2.205 | M6: =D6*G6 -> 31.185 | N6: =D6*H6 -> 0.21 | O6: =D6*I6 -> 0.42
B7: Grilled chicken breast, cooked edible portion | C7: 110 | D7: =C7/100 -> 1.1 | E7: 131 | F7: 21.6 | G7: 0 | H7: 5 | I7: 0 | K7: =D7*E7 -> 144.1 | L7: =D7*F7 -> 23.76 | M7: =D7*G7 -> 0 | N7: =D7*H7 -> 5.5 | O7: =D7*I7 -> 0
B8: Kalabasa/squash | C8: 120 | D8: =C8/100 -> 1.2 | E8: 47 | F8: 0.4 | G8: 10.8 | H8: 0.2 | I8: 1.1 | K8: =D8*E8 -> 56.4 | L8: =D8*F8 -> 0.48 | M8: =D8*G8 -> 12.96 | N8: =D8*H8 -> 0.24 | O8: =D8*I8 -> 1.32
B9: Okra | C9: 70 | D9: =C9/100 -> 0.7 | E9: 30 | F9: 1 | G9: 6.1 | H9: 0.2 | I9: 2.6 | K9: =D9*E9 -> 21 | L9: =D9*F9 -> 0.7 | M9: =D9*G9 -> 4.27 | N9: =D9*H9 -> 0.14 | O9: =D9*I9 -> 1.82
B10: Sitaw/string beans | C10: 70 | D10: =C10/100 -> 0.7 | E10: 52 | F10: 4 | G10: 7.9 | H10: 0.5 | I10: 2.7 | K10: =D10*E10 -> 36.4 | L10: =D10*F10 -> 2.8 | M10: =D10*G10 -> 5.53 | N10: =D10*H10 -> 0.35 | O10: =D10*I10 -> 1.89
B11: Eggplant | C11: 55 | D11: =C11/100 -> 0.55 | E11: 25 | F11: 1 | G11: 4.9 | H11: 0.1 | I11: 1.5 | K11: =D11*E11 -> 13.75 | L11: =D11*F11 -> 0.55 | M11: =D11*G11 -> 2.695 | N11: =D11*H11 -> 0.055 | O11: =D11*I11 -> 0.825
B12: Tomato | C12: 70 | D12: =C12/100 -> 0.7 | E12: 25 | F12: 0.4 | G12: 5.6 | H12: 0.1 | I12: 0.3 | K12: =D12*E12 -> 17.5 | L12: =D12*F12 -> 0.28 | M12: =D12*G12 -> 3.92 | N12: =D12*H12 -> 0.07 | O12: =D12*I12 -> 0.21
B13: Onion | C13: 30 | D13: =C13/100 -> 0.3 | E13: 62 | F13: 1.1 | G13: 13.3 | H13: 0.5 | I13: 2.4 | K13: =D13*E13 -> 18.6 | L13: =D13*F13 -> 0.33 | M13: =D13*G13 -> 3.99 | N13: =D13*H13 -> 0.15 | O13: =D13*I13 -> 0.72
B14: Cooking oil | C14: 9 | E14: 896 | F14: 0 | G14: 0 | H14: 99.6 | I14: 0
B15: Papaya | C15: 180 | D15: =C15/100 -> 1.8 | E15: 24 | F15: 0.7 | G15: 4.9 | H15: 0.2 | I15: 0.7 | K15: =D15*E15 -> 43.2 | L15: =D15*F15 -> 1.26 | M15: =D15*G15 -> 8.82 | N15: =D15*H15 -> 0.36 | O15: =D15*I15 -> 1.26
B17: OVERALL TOTAL | K17: =SUM(K6:K15) -> 486.4 | L17: =SUM(L6:L15) -> 32.365 | M17: =SUM(M6:M15) -> 73.37 | N17: =SUM(N6:N15) -> 7.075 | O17: =SUM(O6:O15) -> 8.465

Sheet DINNER
B2: DINNER
B4: INGREDIENT | C4: PORTION IN GRAMS (g) | E4: PHILFCT NUTRIENT VALUE PER 100G (FIXED) | K4: OVERALL TOTAL | P4: REMARKS
C5: RAW VALUE | D5: DIVIDED BY 100 | E5: KCAL | F5: PROTEIN | G5: CARBS | H5: FATS | I5: FIBER | K5: KCAL | L5: PROTEIN | M5: CARBS | N5: FATS | O5: FIBER
B6: Cooked white rice | C6: 100 | D6: =C6/100 -> 1 | E6: 129 | F6: 2.1 | G6: 29.7 | H6: 0.2 | I6: 0.4 | K6: =D6*E6 -> 129 | L6: =D6*F6 -> 2.1 | M6: =D6*G6 -> 29.7 | N6: =D6*H6 -> 0.2 | O6: =D6*I6 -> 0.4
B7: Grilled bangus/milkfish, cooked edible portion | C7: 95 | D7: =C7/100 -> 0.95 | E7: 137 | F7: 23.4 | G7: 0 | H7: 4.8 | I7: 0 | K7: =D7*E7 -> 130.15 | L7: =D7*F7 -> 22.23 | M7: =D7*G7 -> 0 | N7: =D7*H7 -> 4.56 | O7: =D7*I7 -> 0
B8: Cooked munggo/mung beans | C8: 150 | D8: =C8/100 -> 1.5 | E8: 54 | F8: 4.8 | G8: 7 | H8: 0.5 | I8: 1.6 | K8: =D8*E8 -> 81 | L8: =D8*F8 -> 7.2 | M8: =D8*G8 -> 10.5 | N8: =D8*H8 -> 0.75 | O8: =D8*I8 -> 2.4
B9: Malunggay leaves | C9: 50 | D9: =C9/100 -> 0.5 | E9: 108 | F9: 9.7 | G9: 12.7 | H9: 2 | I9: 6.7 | K9: =D9*E9 -> 54 | L9: =D9*F9 -> 4.85 | M9: =D9*G9 -> 6.35 | N9: =D9*H9 -> 1 | O9: =D9*I9 -> 3.35
B10: Tomato | C10: 70 | D10: =C10/100 -> 0.7 | E10: 25 | F10: 0.8 | G10: 5.2 | H10: 0.1 | I10: 0.3 | K10: =D10*E10 -> 17.5 | L10: =D10*F10 -> 0.56 | M10: =D10*G10 -> 3.64 | N10: =D10*H10 -> 0.07 | O10: =D10*I10 -> 0.21
B11: Onion | C11: 30 | D11: =C11/100 -> 0.3 | E11: 52 | F11: 1.7 | G11: 10.5 | H11: 0.3 | I11: 2 | K11: =D11*E11 -> 15.6 | L11: =D11*F11 -> 0.51 | M11: =D11*G11 -> 3.15 | N11: =D11*H11 -> 0.09 | O11: =D11*I11 -> 0.6
B12: Garlic | C12: 7 | D12: =C12/100 -> 0.07 | E12: 129 | F12: 7 | G12: 24.6 | H12: 0.3 | I12: 1.7 | K12: =D12*E12 -> 9.03 | L12: =D12*F12 -> 0.49 | M12: =D12*G12 -> 1.722 | N12: =D12*H12 -> 0.021 | O12: =D12*I12 -> 0.119
B13: Cooking oil | C13: 13 | D13: =C13/100 -> 0.13 | E13: 896 | F13: 0 | G13: 0 | H13: 99.6 | I13: 0 | K13: =D13*E13 -> 116.48 | L13: =D13*F13 -> 0 | M13: =D13*G13 -> 0 | N13: =D13*H13 -> 12.948 | O13: =D13*I13 -> 0
B14: Pineapple | C14: 150 | D14: =C14/100 -> 1.5 | E14: 55 | F14: 0.4 | G14: 13 | H14: 0.2 | I14: 1.4 | K14: =D14*E14 -> 82.5 | L14: =D14*F14 -> 0.6 | M14: =D14*G14 -> 19.5 | N14: =D14*H14 -> 0.3 | O14: =D14*I14 -> 2.1
B16: OVERALL TOTAL | K16: =SUM(K6:K14) -> 635.26 | L16: =SUM(L6:L14) -> 38.54 | M16: =SUM(M6:M14) -> 74.562 | N16: =SUM(N6:N14) -> 19.939 | O16: =SUM(O6:O14) -> 9.179
