Workbook

Sheet CHART_READY_VALUES
A1: Nutrient | B1: Breakfast | C1: Lunch | D1: Dinner | E1: Daily total | F1: Target | G1: Difference (Daily-Target) | H1: Status
A2: KCAL | B2: 602.7 | C2: 567.04 | D2: 635.26 | E2: 1805 | F2: 1800 | G2: 5 | H2: Within target range
A3: PROTEIN | B3: 18.77 | C3: 32.365 | D3: 38.54 | E3: 89.675 | F3: 90 | G3: -0.325 | H3: Within target range
A4: CARBS | B4: 78.215 | C4: 73.37 | D4: 74.562 | E4: 226.147 | F4: 225 | G4: 1.147 | H4: Within target range
A5: FATS | B5: 23.81 | C5: 16.039 | D5: 19.939 | E5: 59.788 | F5: 60 | G5: -0.212 | H5: Within target range
A6: FIBER | B6: 9.045 | C6: 8.465 | D6: 9.179 | E6: 26.689 | F6: 25-30 | G6: -3.311 | H6: Within target range

Sheet Formula

Sheet OVERALL
B2: OVERALL
B4: NUTRIENT | C4: BREAKFAST | D4: LUNCH | E4: DINNER | F4: OVERALL TOTAL | G4: TARGET TOTAL | H4: (EXCESS)/DEFICIENCY | I4: REMARKS | J4: NOTE
B5: KCAL | C5: =BREAKFAST!K15 | D5: =LUNCH!K17 | E5: =DINNER!K16 | F5: =SUM(C5:E5) | G5: 1800 | H5: =F5-G5 | I5: =IF(ABS(H5)<=G5*0.03,"Within target range",IF(H5>0,"Excess","Deficiency")) | J5: If may "-" ibig sabihin sumobra, else within the target naman
B6: PROTEIN | C6: =BREAKFAST!L15 | D6: =LUNCH!L17 | E6: =DINNER!L16 | F6: =SUM(C6:E6) | G6: 90 | H6: =F6-G6 | I6: =IF(ABS(H6)<=G6*0.03,"Within target range",IF(H6>0,"Excess","Deficiency"))
B7: CARBS | C7: =BREAKFAST!M15 | D7: =LUNCH!M17 | E7: =DINNER!M16 | F7: =SUM(C7:E7) | G7: 225 | H7: =F7-G7 | I7: =IF(ABS(H7)<=G7*0.03,"Within target range",IF(H7>0,"Excess","Deficiency"))
B8: FATS | C8: =BREAKFAST!N15 | D8: =LUNCH!N17 | E8: =DINNER!N16 | F8: =SUM(C8:E8) | G8: 60 | H8: =F8-G8 | I8: =IF(ABS(H8)<=G8*0.03,"Within target range",IF(H8>0,"Excess","Deficiency"))
B9: FIBER | C9: =BREAKFAST!O15 | D9: =LUNCH!O17 | E9: =DINNER!O16 | F9: =SUM(C9:E9) | G9: 30 | H9: =F9-G9 | I9: =IF(AND(F9>=25,F9<=30),"Within target range",IF(F9<25,"Deficiency","Excess"))

Sheet BREAKFAST
B2: BREAKFAST
B4: INGREDIENT | C4: PORTION IN GRAMS (g) | E4: PHILFCT NUTRIENT VALUE PER 100G (FIXED) | K4: OVERALL TOTAL | P4: REMARKS
C5: RAW VALUE | D5: DIVIDED BY 100 | E5: KCAL | F5: PROTEIN | G5: CARBS | H5: FATS | I5: FIBER | K5: KCAL | L5: PROTEIN | M5: CARBS | N5: FATS | O5: FIBER
B6: Cooked white rice | C6: 100 | D6: =C6/100 | E6: 129 | F6: 2.1 | G6: 29.7 | H6: 0.2 | I6: 0.4 | K6: =D6*E6 | L6: =D6*F6 | M6: =D6*G6 | N6: =D6*H6 | O6: =D6*I6
B7: Egg, whole | C7: 50 | D7: =C7/100 | E7: 139 | F7: 12.3 | G7: 1.4 | H7: 9.4 | I7: 0 | K7: =D7*E7 | L7: =D7*F7 | M7: =D7*G7 | N7: =D7*H7 | O7: =D7*I7
B8: Grilled eggplant | C8: 150 | D8: =C8/100 | E8: 29 | F8: 1.2 | G8: 5.5 | H8: 0.2 | I8: 1.6 | K8: =D8*E8 | L8: =D8*F8 | M8: =D8*G8 | N8: =D8*H8 | O8: =D8*I8
B9: Tomato | C9: 85 | D9: =C9/100 | E9: 25 | F9: 0.8 | G9: 5.2 | H9: 0.1 | I9: 0.3 | K9: =D9*E9 | L9: =D9*F9 | M9: =D9*G9 | N9: =D9*H9 | O9: =D9*I9
B10: Onion | C10: 30 | D10: =C10/100 | E10: 52 | F10: 1.7 | G10: 10.5 | H10: 0.3 | I10: 2 | K10: =D10*E10 | L10: =D10*F10 | M10: =D10*G10 | N10: =D10*H10 | O10: =D10*I10
B11: Cooking oil | C11: 5 | D11: =C11/100 | E11: 896 | F11: 0 | G11: 0 | H11: 99.6 | I11: 0 | K11: =D11*E11 | L11: =D11*F11 | M11: =D11*G11 | N11: =D11*H11 | O11: =D11*I11
B12: Banana | C12: 120 | D12: =C12/100 | E12: 104 | F12: 0.9 | G12: 23.1 | H12: 0.9 | I12: 2.7 | K12: =D12*E12 | L12: =D12*F12 | M12: =D12*G12 | N12: =D12*H12 | O12: =D12*I12
B13: Roasted peanuts, unsalted | C13: 25 | D13: =C13/100 | E13: 617 | F13: 25.8 | G13: 17.1 | H13: 49.5 | I13: 8.6 | K13: =D13*E13 | L13: =D13*F13 | M13: =D13*G13 | N13: =D13*H13 | O13: =D13*I13
B15: OVERALL TOTAL | K15: =SUM(K6:K13) | L15: =SUM(L6:L13) | M15: =SUM(M6:M13) | N15: =SUM(N6:N13) | O15: =SUM(O6:O13)

Sheet LUNCH
B2: LUNCH
B4: INGREDIENT | C4: PORTION IN GRAMS (g) | E4: PHILFCT NUTRIENT VALUE PER 100G (FIXED) | K4: OVERALL TOTAL | P4: REMARKS
C5: RAW VALUE | D5: DIVIDED BY 100 | E5: KCAL | F5: PROTEIN | G5: CARBS | H5: FATS | I5: FIBER | K5: KCAL | L5: PROTEIN | M5: CARBS | N5: FATS | O5: FIBER
B6: Cooked white rice | C6: 105 | D6: =C6/100 | E6: 129 | F6: 2.1 | G6: 29.7 | H6: 0.2 | I6: 0.4 | K6: =D6*E6 | L6: =D6*F6 | M6: =D6*G6 | N6: =D6*H6 | O6: =D6*I6
B7: Grilled chicken breast, cooked edible portion | C7: 110 | D7: =C7/100 | E7: 131 | F7: 21.6 | G7: 0 | H7: 5 | I7: 0 | K7: =D7*E7 | L7: =D7*F7 | M7: =D7*G7 | N7: =D7*H7 | O7: =D7*I7
B8: Kalabasa/squash | C8: 120 | D8: =C8/100 | E8: 47 | F8: 0.4 | G8: 10.8 | H8: 0.2 | I8: 1.1 | K8: =D8*E8 | L8: =D8*F8 | M8: =D8*G8 | N8: =D8*H8 | O8: =D8*I8
B9: Okra | C9: 70 | D9: =C9/100 | E9: 30 | F9: 1 | G9: 6.1 | H9: 0.2 | I9: 2.6 | K9: =D9*E9 | L9: =D9*F9 | M9: =D9*G9 | N9: =D9*H9 | O9: =D9*I9
B10: Sitaw/string beans | C10: 70 | D10: =C10/100 | E10: 52 | F10: 4 | G10: 7.9 | H10: 0.5 | I10: 2.7 | K10: =D10*E10 | L10: =D10*F10 | M10: =D10*G10 | N10: =D10*H10 | O10: =D10*I10
B11: Eggplant | C11: 55 | D11: =C11/100 | E11: 25 | F11: 1 | G11: 4.9 | H11: 0.1 | I11: 1.5 | K11: =D11*E11 | L11: =D11*F11 | M11: =D11*G11 | N11: =D11*H11 | O11: =D11*I11
B12: Tomato | C12: 70 | D12: =C12/100 | E12: 25 | F12: 0.4 | G12: 5.6 | H12: 0.1 | I12: 0.3 | K12: =D12*E12 | L12: =D12*F12 | M12: =D12*G12 | N12: =D12*H12 | O12: =D12*I12
B13: Onion | C13: 30 | D13: =C13/100 | E13: 62 | F13: 1.1 | G13: 13.3 | H13: 0.5 | I13: 2.4 | K13: =D13*E13 | L13: =D13*F13 | M13: =D13*G13 | N13: =D13*H13 | O13: =D13*I13
B14: Cooking oil | C14: 9 | D14: =C14/100 | E14: 896 | F14: 0 | G14: 0 | H14: 99.6 | I14: 0 | K14: =D14*E14 | L14: =D14*F14 | M14: =D14*G14 | N14: =D14*H14 | O14: =D14*I14
B15: Papaya | C15: 180 | D15: =C15/100 | E15: 24 | F15: 0.7 | G15: 4.9 | H15: 0.2 | I15: 0.7 | K15: =D15*E15 | L15: =D15*F15 | M15: =D15*G15 | N15: =D15*H15 | O15: =D15*I15
B17: OVERALL TOTAL | K17: =SUM(K6:K15) | L17: =SUM(L6:L15) | M17: =SUM(M6:M15) | N17: =SUM(N6:N15) | O17: =SUM(O6:O15)

Sheet DINNER
B2: DINNER
B4: INGREDIENT | C4: PORTION IN GRAMS (g) | E4: PHILFCT NUTRIENT VALUE PER 100G (FIXED) | K4: OVERALL TOTAL | P4: REMARKS
C5: RAW VALUE | D5: DIVIDED BY 100 | E5: KCAL | F5: PROTEIN | G5: CARBS | H5: FATS | I5: FIBER | K5: KCAL | L5: PROTEIN | M5: CARBS | N5: FATS | O5: FIBER
B6: Cooked white rice | C6: 100 | D6: =C6/100 | E6: 129 | F6: 2.1 | G6: 29.7 | H6: 0.2 | I6: 0.4 | K6: =D6*E6 | L6: =D6*F6 | M6: =D6*G6 | N6: =D6*H6 | O6: =D6*I6
B7: Grilled bangus/milkfish, cooked edible portion | C7: 95 | D7: =C7/100 | E7: 137 | F7: 23.4 | G7: 0 | H7: 4.8 | I7: 0 | K7: =D7*E7 | L7: =D7*F7 | M7: =D7*G7 | N7: =D7*H7 | O7: =D7*I7
B8: Cooked munggo/mung beans | C8: 150 | D8: =C8/100 | E8: 54 | F8: 4.8 | G8: 7 | H8: 0.5 | I8: 1.6 | K8: =D8*E8 | L8: =D8*F8 | M8: =D8*G8 | N8: =D8*H8 | O8: =D8*I8
B9: Malunggay leaves | C9: 50 | D9: =C9/100 | E9: 108 | F9: 9.7 | G9: 12.7 | H9: 2 | I9: 6.7 | K9: =D9*E9 | L9: =D9*F9 | M9: =D9*G9 | N9: =D9*H9 | O9: =D9*I9
B10: Tomato | C10: 70 | D10: =C10/100 | E10: 25 | F10: 0.8 | G10: 5.2 | H10: 0.1 | I10: 0.3 | K10: =D10*E10 | L10: =D10*F10 | M10: =D10*G10 | N10: =D10*H10 | O10: =D10*I10
B11: Onion | C11: 30 | D11: =C11/100 | E11: 52 | F11: 1.7 | G11: 10.5 | H11: 0.3 | I11: 2 | K11: =D11*E11 | L11: =D11*F11 | M11: =D11*G11 | N11: =D11*H11 | O11: =D11*I11
B12: Garlic | C12: 7 | D12: =C12/100 | E12: 129 | F12: 7 | G12: 24.6 | H12: 0.3 | I12: 1.7 | K12: =D12*E12 | L12: =D12*F12 | M12: =D12*G12 | N12: =D12*H12 | O12: =D12*I12
B13: Cooking oil | C13: 13 | D13: =C13/100 | E13: 896 | F13: 0 | G13: 0 | H13: 99.6 | I13: 0 | K13: =D13*E13 | L13: =D13*F13 | M13: =D13*G13 | N13: =D13*H13 | O13: =D13*I13
B14: Pineapple | C14: 150 | D14: =C14/100 | E14: 55 | F14: 0.4 | G14: 13 | H14: 0.2 | I14: 1.4 | K14: =D14*E14 | L14: =D14*F14 | M14: =D14*G14 | N14: =D14*H14 | O14: =D14*I14
B16: OVERALL TOTAL | K16: =SUM(K6:K14) | L16: =SUM(L6:L14) | M16: =SUM(M6:M14) | N16: =SUM(N6:N14) | O16: =SUM(O6:O14)
